{"CAGR": 51.003394622963086, "MDD": 59.44413649651425, "CAGR_MDD_ratio": 0.8580054758799277, "win_trade_count": 5166, "lose_trade_count": 3637, "total_trade_count": 16375, "win_rate_percentage": 31.548091603053436, "lose_rate_percentage": 22.210687022900764, "sharpe_ratio": 0.18210422807038074, "sortino_ratio": 0.2923007252486798, "pnl_ratio_sum": 1.1637431484798177, "pnl_ratio": 0.8193058132057874, "average_realized_pnl": 1.3162114763173602, "max_realized_pnl": 10063.63320925, "min_realized_pnl": -1959.7981382192736, "average_realized_pnl_percentage": 1.9980252260988403, "max_realized_pnl_percentage": 124.81279782164738, "min_realized_pnl_percentage": -18.43299957721736, "average_realized_pnl_percentage_weighted": 0.00015162471237915802, "max_realized_pnl_percentage_weighted": 55.5185448003992, "min_realized_pnl_percentage_weighted": -17.100037878753916, "average_portfolio_value_total": 41370.54348062729, "max_portfolio_value_total": 142261.42976832675, "min_portfolio_value_total": 9808.38071214001, "average_portfolio_value": 41370.54348062729, "max_portfolio_value": 142261.42976832675, "min_portfolio_value": 9808.38071214001, "average_leverage": 0.999835731270107, "max_leverage": 1.436398971693517, "min_leverage": 0.0, "average_leverage_total": 0.999835731270107, "max_leverage_total": 1.436398971693517, "min_leverage_total": 0.0, "average_cash_weight_percentage": 0.01642687298926591, "max_cash_weight_percentage": 100.0, "min_cash_weight_percentage": -43.639897169351705, "average_cash_weight_percentage_total": 0.01642687298926591, "max_cash_weight_percentage_total": 100.0, "min_cash_weight_percentage_total": -43.639897169351705, "average_unrealized_pnl_percentage": 5.905940754062736, "max_unrealized_pnl_percentage": 58.78226539353362, "min_unrealized_pnl_percentage": -21.829977346895742, "average_unrealized_pnl_percentage_total": 5.905940754062736, "max_unrealized_pnl_percentage_total": 58.78226539353362, "min_unrealized_pnl_percentage_total": -21.829977346895742, "average_1M_pnl_percentage": 5.259894264740341, "max_1M_pnl_percentage": 46.7237596243391, "min_1M_pnl_percentage": -33.15844852453599, "average_1D_pnl_percentage": 0.21450726319786878, "max_1D_pnl_percentage": 67.15785321311456, "min_1D_pnl_percentage": -25.06946954830507, "average_1W_pnl_percentage": 1.4907537230382866, "max_1W_pnl_percentage": 74.10140173849659, "min_1W_pnl_percentage": -36.932800843024324}