{"CAGR": 10.643778112193015, "MDD": 19.490330185315344, "CAGR_MDD_ratio": 0.5461055821523428, "win_trade_count": 24, "lose_trade_count": 11, "total_trade_count": 75, "win_rate_percentage": 32.0, "lose_rate_percentage": 14.666666666666666, "sharpe_ratio": 0.27895905742325416, "sortino_ratio": 0.3609547046439308, "pnl_ratio_sum": 13.676783047955212, "pnl_ratio": 6.268525563646139, "average_realized_pnl": 90.26209334727999, "max_realized_pnl": 1255.896682476, "min_realized_pnl": -232.0535825999999, "average_realized_pnl_percentage": 2.426551045216902, "max_realized_pnl_percentage": 26.859019469856914, "min_realized_pnl_percentage": -13.873159682899205, "average_realized_pnl_percentage_weighted": 0.6614368992005951, "max_realized_pnl_percentage_weighted": 9.432317427718226, "min_realized_pnl_percentage_weighted": -1.9994731636952299, "average_portfolio_value_total": 12706.283670632924, "max_portfolio_value_total": 18406.705734912997, "min_portfolio_value_total": 9613.28377624, "average_portfolio_value": 12706.283670632924, "max_portfolio_value": 18406.705734912997, "min_portfolio_value": 9613.28377624, "average_leverage": 0.8803827736371413, "max_leverage": 0.9999999992639097, "min_leverage": 0.0, "average_leverage_total": 0.8803827736371413, "max_leverage_total": 0.9999999992639097, "min_leverage_total": 0.0, "average_cash_weight_percentage": 11.961722636285861, "max_cash_weight_percentage": 100.0, "min_cash_weight_percentage": 7.360902998243546e-08, "average_cash_weight_percentage_total": 11.961722636285861, "max_cash_weight_percentage_total": 100.0, "min_cash_weight_percentage_total": 7.360902998243546e-08, "average_unrealized_pnl_percentage": 2.343458298544417, "max_unrealized_pnl_percentage": 10.526027083477365, "min_unrealized_pnl_percentage": -11.134442760070694, "average_unrealized_pnl_percentage_total": 2.343458298544417, "max_unrealized_pnl_percentage_total": 10.526027083477365, "min_unrealized_pnl_percentage_total": -11.134442760070694, "average_1M_pnl_percentage": 0.5899606261171809, "max_1M_pnl_percentage": 8.165180579974063, "min_1M_pnl_percentage": -6.082883409386497, "average_1D_pnl_percentage": 0.0, "max_1D_pnl_percentage": 0.0, "min_1D_pnl_percentage": 0.0, "average_1W_pnl_percentage": 0.10667019441422701, "max_1W_pnl_percentage": 5.2553868132569015, "min_1W_pnl_percentage": -9.881401824623515}