{"CAGR": 147.93647853890474, "MDD": 57.618075459182506, "CAGR_MDD_ratio": 2.5675359227106624, "win_trade_count": 14066, "lose_trade_count": 4792, "total_trade_count": 36814, "win_rate_percentage": 38.208290324333134, "lose_rate_percentage": 13.016787091867224, "sharpe_ratio": 0.44379401188183426, "sortino_ratio": 0.961520628866093, "pnl_ratio_sum": 1.3193963506447526, "pnl_ratio": 0.4494914909917286, "average_realized_pnl": 1.5495814038859237, "max_realized_pnl": 4331.271178902707, "min_realized_pnl": -4511.7256183772115, "average_realized_pnl_percentage": 4.133272015192464, "max_realized_pnl_percentage": 63.338299205982594, "min_realized_pnl_percentage": -18.794738836722313, "average_realized_pnl_percentage_weighted": 0.0033822724834074998, "max_realized_pnl_percentage_weighted": 5.893318586297199, "min_realized_pnl_percentage_weighted": -8.584919965692816, "average_portfolio_value_total": 30970.67353982732, "max_portfolio_value_total": 97791.05468829988, "min_portfolio_value_total": 8429.94231513998, "average_portfolio_value": 30970.67353982732, "max_portfolio_value": 97791.05468829988, "min_portfolio_value": 8429.94231513998, "average_leverage": 0.9999396029739228, "max_leverage": 1.7953858266531315, "min_leverage": 0.0, "average_leverage_total": 0.9999396029739228, "max_leverage_total": 1.7953858266531315, "min_leverage_total": 0.0, "average_cash_weight_percentage": 0.0060397026077271465, "max_cash_weight_percentage": 100.0, "min_cash_weight_percentage": -79.53858266531316, "average_cash_weight_percentage_total": 0.0060397026077271465, "max_cash_weight_percentage_total": 100.0, "min_cash_weight_percentage_total": -79.53858266531316, "average_unrealized_pnl_percentage": 4.03996949720289, "max_unrealized_pnl_percentage": 49.61279877638399, "min_unrealized_pnl_percentage": -17.072145281668625, "average_unrealized_pnl_percentage_total": 4.03996949720289, "max_unrealized_pnl_percentage_total": 49.61279877638399, "min_unrealized_pnl_percentage_total": -17.072145281668625, "average_1M_pnl_percentage": 9.114011595866295, "max_1M_pnl_percentage": 56.936150263909504, "min_1M_pnl_percentage": -19.202094660331493, "average_1D_pnl_percentage": 0.3648390238976628, "max_1D_pnl_percentage": 70.14409052185391, "min_1D_pnl_percentage": -26.59277875887014, "average_1W_pnl_percentage": 2.378130846777453, "max_1W_pnl_percentage": 43.353243934487736, "min_1W_pnl_percentage": -33.21764295719526}