{"CAGR": 44.683163711977045, "MDD": 65.27640436705313, "CAGR_MDD_ratio": 0.684522441841633, "win_trade_count": 5085, "lose_trade_count": 3292, "total_trade_count": 15868, "win_rate_percentage": 32.04562641794807, "lose_rate_percentage": 20.746155785228133, "sharpe_ratio": 0.14935612135680557, "sortino_ratio": 0.3085508600517944, "pnl_ratio_sum": 1.1296625981505741, "pnl_ratio": 0.7313371235224563, "average_realized_pnl": 3.107267969213449, "max_realized_pnl": 43446.7648615, "min_realized_pnl": -9029.422654750015, "average_realized_pnl_percentage": 1.7396290839999233, "max_realized_pnl_percentage": 160.67175823273385, "min_realized_pnl_percentage": -28.060213803241485, "average_realized_pnl_percentage_weighted": -0.000673651358188618, "max_realized_pnl_percentage_weighted": 61.637577927648245, "min_realized_pnl_percentage_weighted": -17.3098959956141, "average_portfolio_value_total": 36388.687900173965, "max_portfolio_value_total": 155299.12498193025, "min_portfolio_value_total": 9808.38071214, "average_portfolio_value": 36388.687900173965, "max_portfolio_value": 155299.12498193025, "min_portfolio_value": 9808.38071214, "average_leverage": 1.0000899105754981, "max_leverage": 2.349860975082481, "min_leverage": 0.0, "average_leverage_total": 1.0000899105754981, "max_leverage_total": 2.349860975082481, "min_leverage_total": 0.0, "average_cash_weight_percentage": -0.008991057549841574, "max_cash_weight_percentage": 100.0, "min_cash_weight_percentage": -134.9860975082481, "average_cash_weight_percentage_total": -0.008991057549841574, "max_cash_weight_percentage_total": 100.0, "min_cash_weight_percentage_total": -134.9860975082481, "average_unrealized_pnl_percentage": 8.643173182382005, "max_unrealized_pnl_percentage": 69.69312323337441, "min_unrealized_pnl_percentage": -25.311882470201418, "average_unrealized_pnl_percentage_total": 8.643173182382005, "max_unrealized_pnl_percentage_total": 69.69312323337441, "min_unrealized_pnl_percentage_total": -25.311882470201418, "average_1M_pnl_percentage": 5.277280760118868, "max_1M_pnl_percentage": 67.92038608221111, "min_1M_pnl_percentage": -29.485528354228265, "average_1D_pnl_percentage": 0.2073424760972903, "max_1D_pnl_percentage": 68.40995143889297, "min_1D_pnl_percentage": -37.241050879607265, "average_1W_pnl_percentage": 1.4426985936078316, "max_1W_pnl_percentage": 90.86201355833741, "min_1W_pnl_percentage": -47.41899729928658}