{"CAGR": 6.062719080256973, "MDD": 83.87315441465459, "CAGR_MDD_ratio": 0.07228438136813028, "win_trade_count": 572, "lose_trade_count": 467, "total_trade_count": 2084, "win_rate_percentage": 27.447216890595012, "lose_rate_percentage": 22.408829174664106, "sharpe_ratio": 0.0744894844591472, "sortino_ratio": 0.0951507996729985, "pnl_ratio_sum": 1.100544552958153, "pnl_ratio": 0.89852151439066, "average_realized_pnl": 5.5897225576785505, "max_realized_pnl": 2451.864090807, "min_realized_pnl": -3718.3141349720004, "average_realized_pnl_percentage": 0.20794840178826973, "max_realized_pnl_percentage": 56.58362989323844, "min_realized_pnl_percentage": -61.77519234377932, "average_realized_pnl_percentage_weighted": 0.021481087001538342, "max_realized_pnl_percentage_weighted": 11.66845062458074, "min_realized_pnl_percentage_weighted": -21.938532771002322, "average_portfolio_value_total": 17305.03586091596, "max_portfolio_value_total": 27194.299453703607, "min_portfolio_value_total": 4385.5826809152095, "average_portfolio_value": 17305.03586091596, "max_portfolio_value": 27194.299453703607, "min_portfolio_value": 4385.5826809152095, "average_leverage": 0.9962331408594777, "max_leverage": 0.9999999998690073, "min_leverage": 0.0, "average_leverage_total": 0.9962331408594777, "max_leverage_total": 0.9999999998690073, "min_leverage_total": 0.0, "average_cash_weight_percentage": 0.37668591405224244, "max_cash_weight_percentage": 100.0, "min_cash_weight_percentage": 1.3099266116256558e-08, "average_cash_weight_percentage_total": 0.37668591405224244, "max_cash_weight_percentage_total": 100.0, "min_cash_weight_percentage_total": 1.3099266116256558e-08, "average_unrealized_pnl_percentage": 0.12823296557942612, "max_unrealized_pnl_percentage": 21.66668844853561, "min_unrealized_pnl_percentage": -268.0330042247188, "average_unrealized_pnl_percentage_total": 0.12823296557942612, "max_unrealized_pnl_percentage_total": 21.66668844853561, "min_unrealized_pnl_percentage_total": -268.0330042247188, "average_1M_pnl_percentage": 0.47713312919565953, "max_1M_pnl_percentage": 24.615400374638075, "min_1M_pnl_percentage": -23.203998935431592, "average_1D_pnl_percentage": 0.0, "max_1D_pnl_percentage": 0.0, "min_1D_pnl_percentage": 0.0, "average_1W_pnl_percentage": 0.05556566600078387, "max_1W_pnl_percentage": 13.22161832740576, "min_1W_pnl_percentage": -16.16062407649139}