{"CAGR": 61.68465363481741, "MDD": 40.60339242752251, "CAGR_MDD_ratio": 1.5191995039558623, "win_trade_count": 227, "lose_trade_count": 118, "total_trade_count": 345, "win_rate_percentage": 65.79710144927536, "lose_rate_percentage": 34.20289855072463, "sharpe_ratio": 0.32891049857129473, "sortino_ratio": 0.4499574159715738, "pnl_ratio_sum": 3.721656612855143, "pnl_ratio": 1.9346056401625853, "average_realized_pnl": 141.62783641641212, "max_realized_pnl": 6472.556387108324, "min_realized_pnl": -1902.768849430897, "average_realized_pnl_percentage": 6.956124565733091, "max_realized_pnl_percentage": 93.59768406598235, "min_realized_pnl_percentage": -30.943476895864453, "average_realized_pnl_percentage_weighted": 0.004391672977386418, "max_realized_pnl_percentage_weighted": 0.09827442769476023, "min_realized_pnl_percentage_weighted": -0.05965023619656301, "average_portfolio_value_total": 26851.715003594036, "max_portfolio_value_total": 78414.37056205902, "min_portfolio_value_total": 9636.094048051002, "average_portfolio_value": 26851.715003594036, "max_portfolio_value": 78414.37056205902, "min_portfolio_value": 9636.094048051002, "average_leverage": 0.9861111055341029, "max_leverage": 0.9999999995083807, "min_leverage": 0.0, "average_leverage_total": 0.9861111055341029, "max_leverage_total": 0.9999999995083807, "min_leverage_total": 0.0, "average_cash_weight_percentage": 1.3888894465897197, "max_cash_weight_percentage": 100.0, "min_cash_weight_percentage": 4.916193008241976e-08, "average_cash_weight_percentage_total": 1.3888894465897197, "max_cash_weight_percentage_total": 100.0, "min_cash_weight_percentage_total": 4.916193008241976e-08, "average_unrealized_pnl_percentage": 5.201681864221651, "max_unrealized_pnl_percentage": 29.512947571107762, "min_unrealized_pnl_percentage": -30.51800431902314, "average_unrealized_pnl_percentage_total": 5.201681864221651, "max_unrealized_pnl_percentage_total": 29.512947571107762, "min_unrealized_pnl_percentage_total": -30.51800431902314, "average_1M_pnl_percentage": 2.7699453756470307, "max_1M_pnl_percentage": 20.288590061386614, "min_1M_pnl_percentage": -16.359806918669882, "average_1D_pnl_percentage": 0.0, "max_1D_pnl_percentage": 0.0, "min_1D_pnl_percentage": 0.0, "average_1W_pnl_percentage": 0.6801030417377565, "max_1W_pnl_percentage": 12.989755653689272, "min_1W_pnl_percentage": -17.47155584076441}