{"CAGR": 0.7905862896988802, "MDD": 64.98997322146818, "CAGR_MDD_ratio": 0.01216474250581358, "win_trade_count": 587, "lose_trade_count": 510, "total_trade_count": 1534, "win_rate_percentage": 38.26597131681878, "lose_rate_percentage": 33.24641460234681, "sharpe_ratio": 0.005591407452421035, "sortino_ratio": 0.006513694426900406, "pnl_ratio_sum": 1.0022834731793142, "pnl_ratio": 0.8708084690314315, "average_realized_pnl": 0.07523791174054373, "max_realized_pnl": 1176.8280608590576, "min_realized_pnl": -899.5897621550001, "average_realized_pnl_percentage": 1.903269202610691, "max_realized_pnl_percentage": 41.426618122432444, "min_realized_pnl_percentage": -19.164733178654302, "average_realized_pnl_percentage_weighted": -0.038803303271948905, "max_realized_pnl_percentage_weighted": 14.385083695645887, "min_realized_pnl_percentage_weighted": -11.194478667617298, "average_portfolio_value_total": 6654.282405423687, "max_portfolio_value_total": 12073.801701780005, "min_portfolio_value_total": 4227.041208980011, "average_portfolio_value": 6654.282405423687, "max_portfolio_value": 12073.801701780005, "min_portfolio_value": 4227.041208980011, "average_leverage": 0.9991906662925663, "max_leverage": 1.3912564025902578, "min_leverage": 0.0, "average_leverage_total": 0.9991906662925663, "max_leverage_total": 1.3912564025902578, "min_leverage_total": 0.0, "average_cash_weight_percentage": 0.08093337074337074, "max_cash_weight_percentage": 100.0, "min_cash_weight_percentage": -39.125640259025786, "average_cash_weight_percentage_total": 0.08093337074337074, "max_cash_weight_percentage_total": 100.0, "min_cash_weight_percentage_total": -39.125640259025786, "average_unrealized_pnl_percentage": 1.7616348333942284, "max_unrealized_pnl_percentage": 33.23875545773042, "min_unrealized_pnl_percentage": -19.562823698808177, "average_unrealized_pnl_percentage_total": 1.7616348333942284, "max_unrealized_pnl_percentage_total": 33.23875545773042, "min_unrealized_pnl_percentage_total": -19.562823698808177, "average_1M_pnl_percentage": 1.603855932928827, "max_1M_pnl_percentage": 29.764129601109325, "min_1M_pnl_percentage": -44.970669787687235, "average_1D_pnl_percentage": 0.09689023395555281, "max_1D_pnl_percentage": 25.099516407926004, "min_1D_pnl_percentage": -13.626411421665596, "average_1W_pnl_percentage": 0.6621458879665177, "max_1W_pnl_percentage": 41.27448614174136, "min_1W_pnl_percentage": -31.524773436747466}