{"CAGR": 84.521937138279, "MDD": 24.42381434493763, "CAGR_MDD_ratio": 3.46063624397792, "win_trade_count": 236.0, "lose_trade_count": 133.0, "total_trade_count": 369.0, "win_rate_percentage": 63.956639566395665, "lose_rate_percentage": 36.043360433604335, "sharpe_ratio": 0.35459333181640695, "sortino_ratio": 0.6192070444107308, "pnl_ratio_sum": 2.7034662427854776, "pnl_ratio": 1.523563602925714, "average_realized_pnl": 158.85323442343557, "max_realized_pnl": 24835.571322213644, "min_realized_pnl": -10213.850401167374, "average_realized_pnl_percentage": 1.5837692490854838, "max_realized_pnl_percentage": 72.74217380468622, "min_realized_pnl_percentage": -32.474917860018536, "average_realized_pnl_percentage_weighted": 0.29641191322308086, "max_realized_pnl_percentage_weighted": 24.961076023320906, "min_realized_pnl_percentage_weighted": -23.755457312412485, "average_portfolio_value_total": 34120.53111635216, "max_portfolio_value_total": 136613.118436408, "min_portfolio_value_total": 10000.0, "average_portfolio_value": 34120.53111635216, "max_portfolio_value": 136613.118436408, "min_portfolio_value": 10000.0, "average_leverage": 0.9338274986149936, "max_leverage": 0.9999999995404413, "min_leverage": 0.0, "average_leverage_total": 0.9338274986149936, "max_leverage_total": 0.9999999995404413, "min_leverage_total": 0.0, "average_cash_weight_percentage": 6.617250138500636, "max_cash_weight_percentage": 100.0, "min_cash_weight_percentage": 4.5955872440828216e-08, "average_cash_weight_percentage_total": 6.617250138500636, "max_cash_weight_percentage_total": 100.0, "min_cash_weight_percentage_total": 4.5955872440828216e-08, "average_unrealized_pnl_percentage": 1.5951200669060814, "max_unrealized_pnl_percentage": 28.537117928210886, "min_unrealized_pnl_percentage": -62.53543987678941, "average_unrealized_pnl_percentage_total": 1.5951200669060814, "max_unrealized_pnl_percentage_total": 28.537117928210886, "min_unrealized_pnl_percentage_total": -62.53543987678941, "average_1M_pnl_percentage": 3.7292146442963245, "max_1M_pnl_percentage": 36.66416768187359, "min_1M_pnl_percentage": -17.628076077399047, "average_1D_pnl_percentage": 0.0, "max_1D_pnl_percentage": 0.0, "min_1D_pnl_percentage": 0.0, "average_1W_pnl_percentage": 0.8970546231719121, "max_1W_pnl_percentage": 20.791211822032697, "min_1W_pnl_percentage": -20.221469425659556}