{"CAGR": 243.4706605473877, "MDD": 23.02355188733518, "CAGR_MDD_ratio": 10.574852296413756, "win_trade_count": 61, "lose_trade_count": 29, "total_trade_count": 185, "win_rate_percentage": 32.972972972972975, "lose_rate_percentage": 15.675675675675677, "sharpe_ratio": 0.6098132747681988, "sortino_ratio": 1.1981605680838157, "pnl_ratio_sum": 3.5592971604199346, "pnl_ratio": 1.6921248795439032, "average_realized_pnl": 137.52755971335688, "max_realized_pnl": 3070.630839091781, "min_realized_pnl": -3280.4537554797853, "average_realized_pnl_percentage": 3.984406725488068, "max_realized_pnl_percentage": 74.26106966024004, "min_realized_pnl_percentage": -52.45327599277514, "average_realized_pnl_percentage_weighted": 0.5172913252327405, "max_realized_pnl_percentage_weighted": 16.43744179331286, "min_realized_pnl_percentage_weighted": -32.459311894035274, "average_portfolio_value_total": 15635.947699449525, "max_portfolio_value_total": 35795.67360568515, "min_portfolio_value_total": 9227.107013828705, "average_portfolio_value": 15635.947699449525, "max_portfolio_value": 35795.67360568515, "min_portfolio_value": 9227.107013828705, "average_leverage": 0.9489247286291534, "max_leverage": 0.9999999991046444, "min_leverage": 0.0, "average_leverage_total": 0.9489247286291534, "max_leverage_total": 0.9999999991046444, "min_leverage_total": 0.0, "average_cash_weight_percentage": 5.107527137084657, "max_cash_weight_percentage": 100.0, "min_cash_weight_percentage": 8.95355567465117e-08, "average_cash_weight_percentage_total": 5.107527137084657, "max_cash_weight_percentage_total": 100.0, "min_cash_weight_percentage_total": 8.95355567465117e-08, "average_unrealized_pnl_percentage": 2.102990397431605, "max_unrealized_pnl_percentage": 30.26204391934263, "min_unrealized_pnl_percentage": -74.14222034170467, "average_unrealized_pnl_percentage_total": 2.102990397431605, "max_unrealized_pnl_percentage_total": 30.26204391934263, "min_unrealized_pnl_percentage_total": -74.14222034170467, "average_1M_pnl_percentage": 6.530641780619793, "max_1M_pnl_percentage": 34.73040761922246, "min_1M_pnl_percentage": -13.241401877849201, "average_1D_pnl_percentage": 0.0, "max_1D_pnl_percentage": 0.0, "min_1D_pnl_percentage": 0.0, "average_1W_pnl_percentage": 1.4205004482449173, "max_1W_pnl_percentage": 17.898275373950835, "min_1W_pnl_percentage": -17.76500073472245}