{"CAGR": 258.03613761150126, "MDD": 23.02355188733518, "CAGR_MDD_ratio": 11.207486093987177, "win_trade_count": 61.0, "lose_trade_count": 29.0, "total_trade_count": 90.0, "win_rate_percentage": 67.77777777777779, "lose_rate_percentage": 32.22222222222222, "sharpe_ratio": 0.6453453600162313, "sortino_ratio": 1.2625221632181118, "pnl_ratio_sum": 3.5592971604199346, "pnl_ratio": 1.6921248795439032, "average_realized_pnl": 137.52755971335688, "max_realized_pnl": 3070.630839091781, "min_realized_pnl": -3280.4537554797853, "average_realized_pnl_percentage": 3.984406725488068, "max_realized_pnl_percentage": 74.26106966024004, "min_realized_pnl_percentage": -52.45327599277514, "average_realized_pnl_percentage_weighted": 0.5172913252327405, "max_realized_pnl_percentage_weighted": 16.43744179331286, "min_realized_pnl_percentage_weighted": -32.459311894035274, "average_portfolio_value_total": 15910.967809409689, "max_portfolio_value_total": 37458.23244430638, "min_portfolio_value_total": 9227.107013828705, "average_portfolio_value": 15910.967809409689, "max_portfolio_value": 37458.23244430638, "min_portfolio_value": 9227.107013828705, "average_leverage": 0.9496021194682531, "max_leverage": 0.9999999991046444, "min_leverage": 0.0, "average_leverage_total": 0.9496021194682531, "max_leverage_total": 0.9999999991046444, "min_leverage_total": 0.0, "average_cash_weight_percentage": 5.039788053174675, "max_cash_weight_percentage": 100.0, "min_cash_weight_percentage": 8.95355567465117e-08, "average_cash_weight_percentage_total": 5.039788053174675, "max_cash_weight_percentage_total": 100.0, "min_cash_weight_percentage_total": 8.95355567465117e-08, "average_unrealized_pnl_percentage": 2.1081773947731217, "max_unrealized_pnl_percentage": 30.26204391934263, "min_unrealized_pnl_percentage": -74.14222034170467, "average_unrealized_pnl_percentage_total": 2.1081773947731217, "max_unrealized_pnl_percentage_total": 30.26204391934263, "min_unrealized_pnl_percentage_total": -74.14222034170467, "average_1M_pnl_percentage": 6.860770217526061, "max_1M_pnl_percentage": 34.73040761922246, "min_1M_pnl_percentage": -13.241401877849201, "average_1D_pnl_percentage": 0.0, "max_1D_pnl_percentage": 0.0, "min_1D_pnl_percentage": 0.0, "average_1W_pnl_percentage": 1.4572536805085663, "max_1W_pnl_percentage": 17.898275373950835, "min_1W_pnl_percentage": -17.76500073472245}