{"CAGR": 82.40256206610184, "MDD": 24.424181800046625, "CAGR_MDD_ratio": 3.373810543202906, "win_trade_count": 231, "lose_trade_count": 133, "total_trade_count": 733, "win_rate_percentage": 31.51432469304229, "lose_rate_percentage": 18.144611186903138, "sharpe_ratio": 0.34625419932389717, "sortino_ratio": 0.6045753537159132, "pnl_ratio_sum": 2.577072784707831, "pnl_ratio": 1.4837691790742056, "average_realized_pnl": 149.07397047305048, "max_realized_pnl": 24837.964306428, "min_realized_pnl": -10212.894875281998, "average_realized_pnl_percentage": 1.5398136334044288, "max_realized_pnl_percentage": 72.73834569815081, "min_realized_pnl_percentage": -32.47041420118343, "average_realized_pnl_percentage_weighted": 0.29112928865975507, "max_realized_pnl_percentage_weighted": 24.960839826995123, "min_realized_pnl_percentage_weighted": -23.7500887542231, "average_portfolio_value_total": 33817.23007562735, "max_portfolio_value_total": 136628.23066220098, "min_portfolio_value_total": 10000.0, "average_portfolio_value": 33817.23007562735, "max_portfolio_value": 136628.23066220098, "min_portfolio_value": 10000.0, "average_leverage": 0.933610505695793, "max_leverage": 0.9999999994308557, "min_leverage": 0.0, "average_leverage_total": 0.933610505695793, "max_leverage_total": 0.9999999994308557, "min_leverage_total": 0.0, "average_cash_weight_percentage": 6.638949430420708, "max_cash_weight_percentage": 100.0, "min_cash_weight_percentage": 5.691442872546304e-08, "average_cash_weight_percentage_total": 6.638949430420708, "max_cash_weight_percentage_total": 100.0, "min_cash_weight_percentage_total": 5.691442872546304e-08, "average_unrealized_pnl_percentage": 1.5899201087961712, "max_unrealized_pnl_percentage": 28.536478156117578, "min_unrealized_pnl_percentage": -62.53583179113144, "average_unrealized_pnl_percentage_total": 1.5899201087961712, "max_unrealized_pnl_percentage_total": 28.536478156117578, "min_unrealized_pnl_percentage_total": -62.53583179113144, "average_1M_pnl_percentage": 3.650063134433189, "max_1M_pnl_percentage": 36.66444067732593, "min_1M_pnl_percentage": -17.62990604255664, "average_1D_pnl_percentage": 0.0, "max_1D_pnl_percentage": 0.0, "min_1D_pnl_percentage": 0.0, "average_1W_pnl_percentage": 0.886607761691143, "max_1W_pnl_percentage": 20.790172810243757, "min_1W_pnl_percentage": -20.22133142116218}