{"CAGR": 8.793567453080664, "MDD": 66.92291679237474, "CAGR_MDD_ratio": 0.1313984487610171, "win_trade_count": 486, "lose_trade_count": 394, "total_trade_count": 1512, "win_rate_percentage": 32.142857142857146, "lose_rate_percentage": 26.058201058201057, "sharpe_ratio": 0.03489577015542523, "sortino_ratio": 0.06703259285016211, "pnl_ratio_sum": 1.0151411708007148, "pnl_ratio": 0.8229745294145713, "average_realized_pnl": 0.48741401857133854, "max_realized_pnl": 2440.1692696761556, "min_realized_pnl": -1465.6244517, "average_realized_pnl_percentage": 4.308420765803584, "max_realized_pnl_percentage": 53.91873377195522, "min_realized_pnl_percentage": -28.5580021482277, "average_realized_pnl_percentage_weighted": -0.05832834613263297, "max_realized_pnl_percentage_weighted": 15.00205783143929, "min_realized_pnl_percentage_weighted": -18.880993196240038, "average_portfolio_value_total": 10357.623386466457, "max_portfolio_value_total": 18663.89213710001, "min_portfolio_value_total": 6173.471131970001, "average_portfolio_value": 10357.623386466457, "max_portfolio_value": 18663.89213710001, "min_portfolio_value": 6173.471131970001, "average_leverage": 0.9865927882374124, "max_leverage": 2.5094359152435732, "min_leverage": 0.0, "average_leverage_total": 0.9865927882374124, "max_leverage_total": 2.5094359152435732, "min_leverage_total": 0.0, "average_cash_weight_percentage": 1.3407211762587599, "max_cash_weight_percentage": 100.0, "min_cash_weight_percentage": -150.94359152435732, "average_cash_weight_percentage_total": 1.3407211762587599, "max_cash_weight_percentage_total": 100.0, "min_cash_weight_percentage_total": -150.94359152435732, "average_unrealized_pnl_percentage": 4.03019070775307, "max_unrealized_pnl_percentage": 43.54567166074413, "min_unrealized_pnl_percentage": -40.505389685257775, "average_unrealized_pnl_percentage_total": 4.03019070775307, "max_unrealized_pnl_percentage_total": 43.54567166074413, "min_unrealized_pnl_percentage_total": -40.505389685257775, "average_1M_pnl_percentage": 3.5916586670864046, "max_1M_pnl_percentage": 81.09424713369242, "min_1M_pnl_percentage": -33.165315184928566, "average_1D_pnl_percentage": 0.13273706531253784, "max_1D_pnl_percentage": 43.94721764052383, "min_1D_pnl_percentage": -41.87361183863752, "average_1W_pnl_percentage": 1.1083517711008561, "max_1W_pnl_percentage": 43.54475468432588, "min_1W_pnl_percentage": -37.51583047442154}