{"CAGR": 238.82912778709917, "MDD": 54.67299773765903, "CAGR_MDD_ratio": 4.3683196032726865, "win_trade_count": 13982, "lose_trade_count": 4860, "total_trade_count": 36780, "win_rate_percentage": 38.015225666122895, "lose_rate_percentage": 13.213703099510605, "sharpe_ratio": 0.6453077893786311, "sortino_ratio": 2.1977083769872268, "pnl_ratio_sum": 1.3769815324858548, "pnl_ratio": 0.47862467800609737, "average_realized_pnl": 0.6559772491989957, "max_realized_pnl": 996.8159434545196, "min_realized_pnl": -1004.8657305205089, "average_realized_pnl_percentage": 3.89010084871883, "max_realized_pnl_percentage": 56.35240616707841, "min_realized_pnl_percentage": -18.353654293894593, "average_realized_pnl_percentage_weighted": 0.003878339531504968, "max_realized_pnl_percentage_weighted": 5.875351701150067, "min_realized_pnl_percentage_weighted": -8.029893011101583, "average_portfolio_value_total": 53365.79971928364, "max_portfolio_value_total": 172655.21934057062, "min_portfolio_value_total": 10000.0, "average_portfolio_value": 53365.79971928364, "max_portfolio_value": 172655.21934057062, "min_portfolio_value": 10000.0, "average_leverage": 0.9994820342714699, "max_leverage": 1.810617625609935, "min_leverage": 0.0, "average_leverage_total": 0.9994820342714699, "max_leverage_total": 1.810617625609935, "min_leverage_total": 0.0, "average_cash_weight_percentage": 0.0517965728530051, "max_cash_weight_percentage": 100.0, "min_cash_weight_percentage": -81.06176256099351, "average_cash_weight_percentage_total": 0.0517965728530051, "max_cash_weight_percentage_total": 100.0, "min_cash_weight_percentage_total": -81.06176256099351, "average_unrealized_pnl_percentage": 3.8309583872031707, "max_unrealized_pnl_percentage": 48.84051403234418, "min_unrealized_pnl_percentage": -16.927310447769386, "average_unrealized_pnl_percentage_total": 3.8309583872031707, "max_unrealized_pnl_percentage_total": 48.84051403234418, "min_unrealized_pnl_percentage_total": -16.927310447769386, "average_1M_pnl_percentage": 11.834260615278676, "max_1M_pnl_percentage": 58.21125600128425, "min_1M_pnl_percentage": -14.220340674319864, "average_1D_pnl_percentage": 0.447432911937792, "max_1D_pnl_percentage": 70.62962719857498, "min_1D_pnl_percentage": -27.49844383139347, "average_1W_pnl_percentage": 2.9038414263741616, "max_1W_pnl_percentage": 42.881271748440916, "min_1W_pnl_percentage": -24.1769860088627}