{"CAGR": 9.567687027781524, "MDD": 33.92496000265188, "CAGR_MDD_ratio": 0.2820250053952496, "win_trade_count": 0.0, "lose_trade_count": 2.0, "total_trade_count": 2.0, "win_rate_percentage": 0.0, "lose_rate_percentage": 100.0, "sharpe_ratio": 0.09890861809493517, "sortino_ratio": 0.12133030374476622, "pnl_ratio_sum": 0.0, "pnl_ratio": NaN, "average_realized_pnl": -209.94199412011977, "max_realized_pnl": 0.0, "min_realized_pnl": -544.9940477860611, "average_realized_pnl_percentage": -2.1576043942774055, "max_realized_pnl_percentage": 0.0, "min_realized_pnl_percentage": -5.449940478958048, "average_realized_pnl_percentage_weighted": -2.2806361377119098, "max_realized_pnl_percentage_weighted": 0.0, "min_realized_pnl_percentage_weighted": -5.764079372773403, "average_portfolio_value_total": 475270.778450581, "max_portfolio_value_total": 3510356.7287298017, "min_portfolio_value_total": 8950.2900293994, "average_portfolio_value": 475270.778450581, "max_portfolio_value": 3510356.7287298017, "min_portfolio_value": 8950.2900293994, "average_leverage": 0.9394628453686762, "max_leverage": 0.9999999999999609, "min_leverage": 0.0, "average_leverage_total": 0.9394628453686762, "max_leverage_total": 0.9999999999999609, "min_leverage_total": 0.0, "average_cash_weight_percentage": 6.053715463132384, "max_cash_weight_percentage": 100.0, "min_cash_weight_percentage": 3.907985046680551e-12, "average_cash_weight_percentage_total": 6.053715463132384, "max_cash_weight_percentage_total": 100.0, "min_cash_weight_percentage_total": 3.907985046680551e-12, "average_unrealized_pnl_percentage": 75.1822953290001, "max_unrealized_pnl_percentage": 99.7450318950166, "min_unrealized_pnl_percentage": -5.764079372773403, "average_unrealized_pnl_percentage_total": 75.1822953290001, "max_unrealized_pnl_percentage_total": 99.7450318950166, "min_unrealized_pnl_percentage_total": -5.764079372773403, "average_1M_pnl_percentage": 0.5478286389145136, "max_1M_pnl_percentage": 26.429338599296017, "min_1M_pnl_percentage": -24.11812700140743, "average_1D_pnl_percentage": 0.0, "max_1D_pnl_percentage": 0.0, "min_1D_pnl_percentage": 0.0, "average_1W_pnl_percentage": 0.17915516856435915, "max_1W_pnl_percentage": 14.115584448729601, "min_1W_pnl_percentage": -19.650296130570876}