{"overall P&L": 4852561.65867835, "overall P&L(%)": 48525.6165867835, "CAGR": 19.737767310132813, "MDD": 12.573962130988287, "CAGR_MDD_ratio": 1.5697333191015, "win_trade_count": 239, "lose_trade_count": 96, "total_trade_count": 335, "win_rate_percentage": 71.34328358208955, "lose_rate_percentage": 28.65671641791045, "sharpe_ratio": 0.3090967589221011, "sortino_ratio": 0.5704263192701341, "pnl_ratio_sum": 2.4423379778887555, "pnl_ratio": 0.9810227860975752, "average_realized_pnl": 7242.629341310969, "max_realized_pnl": 363208.3733276398, "min_realized_pnl": -205920.34538110005, "average_realized_pnl_percentage": 1.0076587438707407, "max_realized_pnl_percentage": 40.06348826066122, "min_realized_pnl_percentage": -4.902207086496957, "average_realized_pnl_percentage_weighted": 0.8483081729762342, "max_realized_pnl_percentage_weighted": 28.60380585703216, "min_realized_pnl_percentage_weighted": -5.154911524133477, "average_portfolio_value_total": 928449.8394043611, "max_portfolio_value_total": 4947843.006793301, "min_portfolio_value_total": 10000.0, "average_portfolio_value": 928449.8394043611, "max_portfolio_value": 4947843.006793301, "min_portfolio_value": 10000.0, "average_leverage": 0.4412093170945594, "max_leverage": 0.9999999999994708, "min_leverage": 0.0, "average_leverage_total": 0.4412093170945594, "max_leverage_total": 0.9999999999994708, "min_leverage_total": 0.0, "average_cash_weight_percentage": 55.879068290544055, "max_cash_weight_percentage": 100.0, "min_cash_weight_percentage": 5.292433158388121e-11, "average_cash_weight_percentage_total": 55.879068290544055, "max_cash_weight_percentage_total": 100.0, "min_cash_weight_percentage_total": 5.292433158388121e-11, "average_unrealized_pnl_percentage": 1.4515495087677937, "max_unrealized_pnl_percentage": 32.50959174758373, "min_unrealized_pnl_percentage": -5.154911524133477, "average_unrealized_pnl_percentage_total": 1.4515495087677937, "max_unrealized_pnl_percentage_total": 32.50959174758373, "min_unrealized_pnl_percentage_total": -5.154911524133477, "average_1M_pnl_percentage": 1.0418738719208804, "max_1M_pnl_percentage": 21.003489031228728, "min_1M_pnl_percentage": -8.166661109385931, "average_1D_pnl_percentage": 0.0, "max_1D_pnl_percentage": 0.0, "min_1D_pnl_percentage": 0.0, "average_1W_pnl_percentage": 0.18589620497951936, "max_1W_pnl_percentage": 11.252504549894372, "min_1W_pnl_percentage": -7.721096112457748}