{"CAGR": 14.909287629752676, "MDD": 17.59341375565301, "CAGR_MDD_ratio": 0.847435741398517, "win_trade_count": 238.0, "lose_trade_count": 84.0, "total_trade_count": 322.0, "win_rate_percentage": 73.91304347826086, "lose_rate_percentage": 26.08695652173913, "sharpe_ratio": 0.21329770654932592, "sortino_ratio": 0.2913111239896666, "pnl_ratio_sum": 1.6385507291574122, "pnl_ratio": 0.5783120220555572, "average_realized_pnl": 1726.8320587183296, "max_realized_pnl": 106295.72508583726, "min_realized_pnl": -69102.13139030703, "average_realized_pnl_percentage": 0.83014959635218, "max_realized_pnl_percentage": 40.06348628404359, "min_realized_pnl_percentage": -10.49844295383149, "average_realized_pnl_percentage_weighted": 0.6427501981360579, "max_realized_pnl_percentage_weighted": 28.603804846447495, "min_realized_pnl_percentage_weighted": -11.729899785135958, "average_portfolio_value_total": 317774.05649446853, "max_portfolio_value_total": 1192693.2973622999, "min_portfolio_value_total": 10000.0, "average_portfolio_value": 317774.05649446853, "max_portfolio_value": 1192693.2973622999, "min_portfolio_value": 10000.0, "average_leverage": 0.4545236954261064, "max_leverage": 0.9999999999981561, "min_leverage": 0.0, "average_leverage_total": 0.4545236954261064, "max_leverage_total": 0.9999999999981561, "min_leverage_total": 0.0, "average_cash_weight_percentage": 54.54763045738936, "max_cash_weight_percentage": 100.0, "min_cash_weight_percentage": 1.84385839929746e-10, "average_cash_weight_percentage_total": 54.54763045738936, "max_cash_weight_percentage_total": 100.0, "min_cash_weight_percentage_total": 1.84385839929746e-10, "average_unrealized_pnl_percentage": 1.3795970767724592, "max_unrealized_pnl_percentage": 32.05668748905887, "min_unrealized_pnl_percentage": -11.729899785135958, "average_unrealized_pnl_percentage_total": 1.3795970767724592, "max_unrealized_pnl_percentage_total": 32.05668748905887, "min_unrealized_pnl_percentage_total": -11.729899785135958, "average_1M_pnl_percentage": 0.8293945862829535, "max_1M_pnl_percentage": 21.00349573087319, "min_1M_pnl_percentage": -12.824310372516967, "average_1D_pnl_percentage": 0.0, "max_1D_pnl_percentage": 0.0, "min_1D_pnl_percentage": 0.0, "average_1W_pnl_percentage": 0.1453446734456353, "max_1W_pnl_percentage": 11.252496025455816, "min_1W_pnl_percentage": -7.721102603514407}