{"CAGR": 12.55715528295509, "MDD": 24.034800405358084, "CAGR_MDD_ratio": 0.522457231646314, "win_trade_count": 116.0, "lose_trade_count": 77.0, "total_trade_count": 193.0, "win_rate_percentage": 60.10362694300518, "lose_rate_percentage": 39.89637305699482, "sharpe_ratio": 0.15591926559342129, "sortino_ratio": 0.21695801759912944, "pnl_ratio_sum": 1.9379653489957565, "pnl_ratio": 1.286408033385114, "average_realized_pnl": 1401.5428264191326, "max_realized_pnl": 91913.04718005976, "min_realized_pnl": -26883.174003486325, "average_realized_pnl_percentage": 1.1999375686278377, "max_realized_pnl_percentage": 39.755282444994535, "min_realized_pnl_percentage": -10.49844295383149, "average_realized_pnl_percentage_weighted": 0.8846411717624043, "max_realized_pnl_percentage_weighted": 28.446354041166487, "min_realized_pnl_percentage_weighted": -11.729899775116827, "average_portfolio_value_total": 120579.71539981705, "max_portfolio_value_total": 586257.6725843416, "min_portfolio_value_total": 8894.567098564812, "average_portfolio_value": 120579.71539981705, "max_portfolio_value": 586257.6725843416, "min_portfolio_value": 8894.567098564812, "average_leverage": 0.5579224505925837, "max_leverage": 0.9999999999879449, "min_leverage": 0.0, "average_leverage_total": 0.5579224505925837, "max_leverage_total": 0.9999999999879449, "min_leverage_total": 0.0, "average_cash_weight_percentage": 44.207754940741616, "max_cash_weight_percentage": 100.0, "min_cash_weight_percentage": 1.2055134668287337e-09, "average_cash_weight_percentage_total": 44.207754940741616, "max_cash_weight_percentage_total": 100.0, "min_cash_weight_percentage_total": 1.2055134668287337e-09, "average_unrealized_pnl_percentage": 1.4640596188127308, "max_unrealized_pnl_percentage": 29.095965605571344, "min_unrealized_pnl_percentage": -11.729899775116827, "average_unrealized_pnl_percentage_total": 1.4640596188127308, "max_unrealized_pnl_percentage_total": 29.095965605571344, "min_unrealized_pnl_percentage_total": -11.729899775116827, "average_1M_pnl_percentage": 0.6857697561963777, "max_1M_pnl_percentage": 16.178765431342224, "min_1M_pnl_percentage": -11.739409893695708, "average_1D_pnl_percentage": 0.0, "max_1D_pnl_percentage": 0.0, "min_1D_pnl_percentage": 0.0, "average_1W_pnl_percentage": 0.12225251021525768, "max_1W_pnl_percentage": 11.252496016952707, "min_1W_pnl_percentage": -10.178049884026642}