{"CAGR": 6.091554871072713, "MDD": 60.78944362394832, "CAGR_MDD_ratio": 0.10020744569987991, "win_trade_count": 46, "lose_trade_count": 30, "total_trade_count": 156, "win_rate_percentage": 29.48717948717949, "lose_rate_percentage": 19.230769230769234, "sharpe_ratio": 0.08356576257095161, "sortino_ratio": 0.10038160964533496, "pnl_ratio_sum": 1.4199762612074194, "pnl_ratio": 0.9260714747004909, "average_realized_pnl": 78.52803349987501, "max_realized_pnl": 4237.973601248799, "min_realized_pnl": -3308.7706245896, "average_realized_pnl_percentage": 2.4395366440884376, "max_realized_pnl_percentage": 83.23845667299177, "min_realized_pnl_percentage": -53.48387096774194, "average_realized_pnl_percentage_weighted": 0.41934876878286037, "max_realized_pnl_percentage_weighted": 16.798186193786186, "min_realized_pnl_percentage_weighted": -15.991972685732325, "average_portfolio_value_total": 18396.807026281153, "max_portfolio_value_total": 28645.783924281906, "min_portfolio_value_total": 9005.900645927999, "average_portfolio_value": 18396.807026281153, "max_portfolio_value": 28645.783924281906, "min_portfolio_value": 9005.900645927999, "average_leverage": 0.9502379000183098, "max_leverage": 0.9999999990338132, "min_leverage": 0.0, "average_leverage_total": 0.9502379000183098, "max_leverage_total": 0.9999999990338132, "min_leverage_total": 0.0, "average_cash_weight_percentage": 4.976209998169027, "max_cash_weight_percentage": 100.0, "min_cash_weight_percentage": 9.661867972354798e-08, "average_cash_weight_percentage_total": 4.976209998169027, "max_cash_weight_percentage_total": 100.0, "min_cash_weight_percentage_total": 9.661867972354798e-08, "average_unrealized_pnl_percentage": 1.281027193582647, "max_unrealized_pnl_percentage": 24.05629016119756, "min_unrealized_pnl_percentage": -120.31298965367864, "average_unrealized_pnl_percentage_total": 1.281027193582647, "max_unrealized_pnl_percentage_total": 24.05629016119756, "min_unrealized_pnl_percentage_total": -120.31298965367864, "average_1M_pnl_percentage": 0.46879132050531935, "max_1M_pnl_percentage": 14.926514541519719, "min_1M_pnl_percentage": -22.546943046555235, "average_1D_pnl_percentage": 0.0, "max_1D_pnl_percentage": 0.0, "min_1D_pnl_percentage": 0.0, "average_1W_pnl_percentage": 0.04205490505037345, "max_1W_pnl_percentage": 9.251629267531358, "min_1W_pnl_percentage": -12.428670166406796}