{"CAGR": 5.11632943365441, "MDD": 53.09642398677495, "CAGR_MDD_ratio": 0.09635920933072187, "win_trade_count": 427.0, "lose_trade_count": 169.0, "total_trade_count": 596.0, "win_rate_percentage": 71.64429530201343, "lose_rate_percentage": 28.355704697986578, "sharpe_ratio": 0.07753968021757826, "sortino_ratio": 0.10085652957507851, "pnl_ratio_sum": 1.390058127313532, "pnl_ratio": 0.5501635211147234, "average_realized_pnl": 194.62589982366723, "max_realized_pnl": 19145.60435791406, "min_realized_pnl": -17541.19120394806, "average_realized_pnl_percentage": 0.3269270426700107, "max_realized_pnl_percentage": 69.08712299321556, "min_realized_pnl_percentage": -9.144599920371821, "average_realized_pnl_percentage_weighted": 0.21234310420897165, "max_realized_pnl_percentage_weighted": 40.8588908305689, "min_realized_pnl_percentage_weighted": -10.06500428779272, "average_portfolio_value_total": 78473.27707385615, "max_portfolio_value_total": 246541.10705010695, "min_portfolio_value_total": 7268.241455733587, "average_portfolio_value": 78473.27707385615, "max_portfolio_value": 246541.10705010695, "min_portfolio_value": 7268.241455733587, "average_leverage": 0.46198730041033165, "max_leverage": 0.9999999999999559, "min_leverage": 0.0, "average_leverage_total": 0.46198730041033165, "max_leverage_total": 0.9999999999999559, "min_leverage_total": 0.0, "average_cash_weight_percentage": 53.801269958966834, "max_cash_weight_percentage": 100.0, "min_cash_weight_percentage": 4.4075854077618715e-12, "average_cash_weight_percentage_total": 53.801269958966834, "max_cash_weight_percentage_total": 100.0, "min_cash_weight_percentage_total": 4.4075854077618715e-12, "average_unrealized_pnl_percentage": 0.5397862897502491, "max_unrealized_pnl_percentage": 48.227712626578004, "min_unrealized_pnl_percentage": -10.06500428779272, "average_unrealized_pnl_percentage_total": 0.5397862897502491, "max_unrealized_pnl_percentage_total": 48.227712626578004, "min_unrealized_pnl_percentage_total": -10.06500428779272, "average_1M_pnl_percentage": 0.31064943959751257, "max_1M_pnl_percentage": 40.46434448227958, "min_1M_pnl_percentage": -11.978743819266091, "average_1D_pnl_percentage": 0.0, "max_1D_pnl_percentage": 0.0, "min_1D_pnl_percentage": 0.0, "average_1W_pnl_percentage": 0.0700738943588319, "max_1W_pnl_percentage": 11.29296304633658, "min_1W_pnl_percentage": -8.818184245130967}