{"CAGR": 3.8568764413349665, "MDD": 58.360267970738825, "CAGR_MDD_ratio": 0.06608736689263936, "win_trade_count": 210.0, "lose_trade_count": 160.0, "total_trade_count": 370.0, "win_rate_percentage": 56.75675675675676, "lose_rate_percentage": 43.24324324324324, "sharpe_ratio": 0.04306102737567093, "sortino_ratio": 0.05936210916905307, "pnl_ratio_sum": 1.4014469293452425, "pnl_ratio": 1.0677690890249467, "average_realized_pnl": 133.50551109378515, "max_realized_pnl": 13261.938086767455, "min_realized_pnl": -8274.62406653994, "average_realized_pnl_percentage": 0.42954938217012184, "max_realized_pnl_percentage": 28.10304015516081, "min_realized_pnl_percentage": -9.144599920371821, "average_realized_pnl_percentage_weighted": 0.21716874164776898, "max_realized_pnl_percentage_weighted": 21.937840130898778, "min_realized_pnl_percentage_weighted": -10.065004282310921, "average_portfolio_value_total": 28898.895698095996, "max_portfolio_value_total": 113539.9421668297, "min_portfolio_value_total": 4321.296941803472, "average_portfolio_value": 28898.895698095996, "max_portfolio_value": 113539.9421668297, "min_portfolio_value": 4321.296941803472, "average_leverage": 0.6082460954225583, "max_leverage": 0.999999999998494, "min_leverage": 0.0, "average_leverage_total": 0.6082460954225583, "max_leverage_total": 0.999999999998494, "min_leverage_total": 0.0, "average_cash_weight_percentage": 39.17539045774418, "max_cash_weight_percentage": 100.0, "min_cash_weight_percentage": 1.5060175329040248e-10, "average_cash_weight_percentage_total": 39.17539045774418, "max_cash_weight_percentage_total": 100.0, "min_cash_weight_percentage_total": 1.5060175329040248e-10, "average_unrealized_pnl_percentage": 0.9476094985903235, "max_unrealized_pnl_percentage": 22.644927612002103, "min_unrealized_pnl_percentage": -10.065004282310921, "average_unrealized_pnl_percentage_total": 0.9476094985903235, "max_unrealized_pnl_percentage_total": 22.644927612002103, "min_unrealized_pnl_percentage_total": -10.065004282310921, "average_1M_pnl_percentage": 0.22302720128835113, "max_1M_pnl_percentage": 21.369288304381318, "min_1M_pnl_percentage": -11.978743821955618, "average_1D_pnl_percentage": 0.0, "max_1D_pnl_percentage": 0.0, "min_1D_pnl_percentage": 0.0, "average_1W_pnl_percentage": 0.07309072268544008, "max_1W_pnl_percentage": 13.935678684807694, "min_1W_pnl_percentage": -8.818184244613715}