{"overall P&L": 4155602.587968772, "overall P&L(%)": 41556.02587968772, "CAGR": 9.90571258366344, "MDD": 34.716529988058866, "CAGR_MDD_ratio": 0.28533129857939776, "win_trade_count": 430, "lose_trade_count": 182, "total_trade_count": 612, "win_rate_percentage": 70.26143790849673, "lose_rate_percentage": 29.73856209150327, "sharpe_ratio": 0.17760336679526317, "sortino_ratio": 0.30378621031974556, "pnl_ratio_sum": 1.8308040550302576, "pnl_ratio": 0.7748984605011788, "average_realized_pnl": 3389.5616541343984, "max_realized_pnl": 341241.78943034384, "min_realized_pnl": -200336.64390062794, "average_realized_pnl_percentage": 0.5388308211949147, "max_realized_pnl_percentage": 69.08713692946058, "min_realized_pnl_percentage": -4.969366916269557, "average_realized_pnl_percentage_weighted": 0.4503357787299321, "max_realized_pnl_percentage_weighted": 40.85889570485867, "min_realized_pnl_percentage_weighted": -5.22922636100926, "average_portfolio_value_total": 853933.5896770731, "max_portfolio_value_total": 4375006.138960242, "min_portfolio_value_total": 9489.055279037997, "average_portfolio_value": 853933.5896770731, "max_portfolio_value": 4375006.138960242, "min_portfolio_value": 9489.055279037997, "average_leverage": 0.44736164734988487, "max_leverage": 0.999999999999946, "min_leverage": 0.0, "average_leverage_total": 0.44736164734988487, "max_leverage_total": 0.999999999999946, "min_leverage_total": 0.0, "average_cash_weight_percentage": 55.2638352650115, "max_cash_weight_percentage": 100.0, "min_cash_weight_percentage": 5.395683899678261e-12, "average_cash_weight_percentage_total": 55.2638352650115, "max_cash_weight_percentage_total": 100.0, "min_cash_weight_percentage_total": 5.395683899678261e-12, "average_unrealized_pnl_percentage": 0.6178393442570773, "max_unrealized_pnl_percentage": 48.227712136801706, "min_unrealized_pnl_percentage": -5.22922636100926, "average_unrealized_pnl_percentage_total": 0.6178393442570773, "max_unrealized_pnl_percentage_total": 48.227712136801706, "min_unrealized_pnl_percentage_total": -5.22922636100926, "average_1M_pnl_percentage": 0.5524509144326113, "max_1M_pnl_percentage": 40.464344941069676, "min_1M_pnl_percentage": -8.155381887752789, "average_1D_pnl_percentage": 0.0, "max_1D_pnl_percentage": 0.0, "min_1D_pnl_percentage": 0.0, "average_1W_pnl_percentage": 0.10272549765497375, "max_1W_pnl_percentage": 11.292962356547754, "min_1W_pnl_percentage": -8.668110034491027}