{"CAGR": 58.591760079681436, "MDD": 39.43568693718371, "CAGR_MDD_ratio": 1.4857547726507474, "win_trade_count": 0.0, "lose_trade_count": 0.0, "total_trade_count": 0.0, "win_rate_percentage": 0.0, "lose_rate_percentage": 0.0, "sharpe_ratio": 0.3304800250991337, "sortino_ratio": 0.4475258689893162, "pnl_ratio_sum": NaN, "pnl_ratio": NaN, "average_realized_pnl": 0.0, "max_realized_pnl": 0.0, "min_realized_pnl": 0.0, "average_realized_pnl_percentage": 0.0, "max_realized_pnl_percentage": 0.0, "min_realized_pnl_percentage": 0.0, "average_realized_pnl_percentage_weighted": 0.0, "max_realized_pnl_percentage_weighted": 0.0, "min_realized_pnl_percentage_weighted": 0.0, "average_portfolio_value_total": 24103.12834903601, "max_portfolio_value_total": 70795.4808296551, "min_portfolio_value_total": 8967.949000196908, "average_portfolio_value": 24103.12834903601, "max_portfolio_value": 70795.4808296551, "min_portfolio_value": 8967.949000196908, "average_leverage": 0.9993459691729889, "max_leverage": 0.9999999977874431, "min_leverage": 0.0, "average_leverage_total": 0.9993459691729889, "max_leverage_total": 0.9999999977874431, "min_leverage_total": 0.0, "average_cash_weight_percentage": 0.06540308270110531, "max_cash_weight_percentage": 100.0, "min_cash_weight_percentage": 2.2125569154596292e-07, "average_cash_weight_percentage_total": 0.06540308270110531, "max_cash_weight_percentage_total": 100.0, "min_cash_weight_percentage_total": 2.2125569154596292e-07, "average_unrealized_pnl_percentage": 45.09350536794072, "max_unrealized_pnl_percentage": 85.87480460220117, "min_unrealized_pnl_percentage": -11.508216647757829, "average_unrealized_pnl_percentage_total": 45.09350536794072, "max_unrealized_pnl_percentage_total": 85.87480460220117, "min_unrealized_pnl_percentage_total": -11.508216647757829, "average_1M_pnl_percentage": 2.652592728758273, "max_1M_pnl_percentage": 19.915573106655394, "min_1M_pnl_percentage": -20.114892686582685, "average_1D_pnl_percentage": 0.0, "max_1D_pnl_percentage": 0.0, "min_1D_pnl_percentage": 0.0, "average_1W_pnl_percentage": 0.6578566393299475, "max_1W_pnl_percentage": 15.026554420070926, "min_1W_pnl_percentage": -15.844367846611151}