{"CAGR": 58.58304810025112, "MDD": 40.18468508951914, "CAGR_MDD_ratio": 1.4578451459740465, "win_trade_count": 0, "lose_trade_count": 0, "total_trade_count": 0, "win_rate_percentage": 0.0, "lose_rate_percentage": 0.0, "sharpe_ratio": 0.32012325959160615, "sortino_ratio": 0.4372794459493012, "pnl_ratio_sum": NaN, "pnl_ratio": NaN, "average_realized_pnl": 0.0, "max_realized_pnl": 0.0, "min_realized_pnl": 0.0, "average_realized_pnl_percentage": 0.0, "max_realized_pnl_percentage": 0.0, "min_realized_pnl_percentage": 0.0, "average_realized_pnl_percentage_weighted": 0.0, "max_realized_pnl_percentage_weighted": 0.0, "min_realized_pnl_percentage_weighted": 0.0, "average_portfolio_value_total": 24784.09721972885, "max_portfolio_value_total": 76098.949008505, "min_portfolio_value_total": 8873.800497273, "average_portfolio_value": 24784.09721972885, "max_portfolio_value": 76098.949008505, "min_portfolio_value": 8873.800497273, "average_leverage": 0.9993390576327944, "max_leverage": 0.9999999990662551, "min_leverage": 0.0, "average_leverage_total": 0.9993390576327944, "max_leverage_total": 0.9999999990662551, "min_leverage_total": 0.0, "average_cash_weight_percentage": 0.06609423672056575, "max_cash_weight_percentage": 100.0, "min_cash_weight_percentage": 9.337448592106057e-08, "average_cash_weight_percentage_total": 0.06609423672056575, "max_cash_weight_percentage_total": 100.0, "min_cash_weight_percentage_total": 9.337448592106057e-08, "average_unrealized_pnl_percentage": 45.97033916744414, "max_unrealized_pnl_percentage": 86.85921404922114, "min_unrealized_pnl_percentage": -12.691287155634063, "average_unrealized_pnl_percentage_total": 45.97033916744414, "max_unrealized_pnl_percentage_total": 86.85921404922114, "min_unrealized_pnl_percentage_total": -12.691287155634063, "average_1M_pnl_percentage": 2.692135557012839, "max_1M_pnl_percentage": 20.616676133510992, "min_1M_pnl_percentage": -20.582534315600164, "average_1D_pnl_percentage": 0.0, "max_1D_pnl_percentage": 0.0, "min_1D_pnl_percentage": 0.0, "average_1W_pnl_percentage": 0.6588170201408047, "max_1W_pnl_percentage": 15.06106791193953, "min_1W_pnl_percentage": -15.817760886095034}