{"CAGR": 9.287424992319693, "MDD": 25.06509816247734, "CAGR_MDD_ratio": 0.3705321611795259, "win_trade_count": 7, "lose_trade_count": 3, "total_trade_count": 10, "win_rate_percentage": 70.0, "lose_rate_percentage": 30.0, "sharpe_ratio": 0.14994511271993902, "sortino_ratio": 0.16676375070622998, "pnl_ratio_sum": 5.295684715223197, "pnl_ratio": 2.269579163667084, "average_realized_pnl": 444.6934539286, "max_realized_pnl": 2403.4991789759997, "min_realized_pnl": -653.018866945, "average_realized_pnl_percentage": 44.469345526891146, "max_realized_pnl_percentage": 240.3499179879716, "min_realized_pnl_percentage": -65.30188679245283, "average_realized_pnl_percentage_weighted": 0.030781163486228252, "max_realized_pnl_percentage_weighted": 0.16636741673052435, "min_realized_pnl_percentage_weighted": -0.04520120619147442, "average_portfolio_value_total": 13341.959369214439, "max_portfolio_value_total": 14529.665262448998, "min_portfolio_value_total": 8873.800497273, "average_portfolio_value": 13341.959369214439, "max_portfolio_value": 14529.665262448998, "min_portfolio_value": 8873.800497273, "average_leverage": 0.3333333311769971, "max_leverage": 0.9999999951095225, "min_leverage": 0.0, "average_leverage_total": 0.3333333311769971, "max_leverage_total": 0.9999999951095225, "min_leverage_total": 0.0, "average_cash_weight_percentage": 66.66666688230029, "max_cash_weight_percentage": 100.0, "min_cash_weight_percentage": 4.890477467434096e-07, "average_cash_weight_percentage_total": 66.66666688230029, "max_cash_weight_percentage_total": 100.0, "min_cash_weight_percentage_total": 4.890477467434096e-07, "average_unrealized_pnl_percentage": 2.986763849523477, "max_unrealized_pnl_percentage": 31.175289868209372, "min_unrealized_pnl_percentage": -12.691287155634063, "average_unrealized_pnl_percentage_total": 2.986763849523477, "max_unrealized_pnl_percentage_total": 31.175289868209372, "min_unrealized_pnl_percentage_total": -12.691287155634063, "average_1M_pnl_percentage": 0.5591623719204352, "max_1M_pnl_percentage": 12.368528916056153, "min_1M_pnl_percentage": -11.455524527102522, "average_1D_pnl_percentage": 0.0, "max_1D_pnl_percentage": 0.0, "min_1D_pnl_percentage": 0.0, "average_1W_pnl_percentage": 0.11369258944539964, "max_1W_pnl_percentage": 6.887624265034176, "min_1W_pnl_percentage": -7.200089891500938}