{"CAGR": 1.7638648682085867, "MDD": 7.2262116861458585, "CAGR_MDD_ratio": 0.24409260962978432, "win_trade_count": 503, "lose_trade_count": 302, "total_trade_count": 1617, "win_rate_percentage": 31.10698824984539, "lose_rate_percentage": 18.67656153370439, "sharpe_ratio": 0.1200688052117417, "sortino_ratio": 0.12559291759431618, "pnl_ratio_sum": 1.6063729208987896, "pnl_ratio": 0.9644624694064303, "average_realized_pnl": 12.753048562195856, "max_realized_pnl": 549.02633966651, "min_realized_pnl": -1088.95671945, "average_realized_pnl_percentage": 0.3553766974597394, "max_realized_pnl_percentage": 25.210080497994312, "min_realized_pnl_percentage": -27.510957545570502, "average_realized_pnl_percentage_weighted": 0.06734256020621666, "max_realized_pnl_percentage_weighted": 4.799999358796721, "min_realized_pnl_percentage_weighted": -5.822559892444745, "average_portfolio_value_total": 17648.13385005158, "max_portfolio_value_total": 30999.76467535799, "min_portfolio_value_total": 9323.629371823337, "average_portfolio_value": 17648.13385005158, "max_portfolio_value": 30999.76467535799, "min_portfolio_value": 9323.629371823337, "average_leverage": 0.1343135235285626, "max_leverage": 0.24103108946256677, "min_leverage": 0.0, "average_leverage_total": 0.1343135235285626, "max_leverage_total": 0.24103108946256677, "min_leverage_total": 0.0, "average_cash_weight_percentage": 86.56864764714375, "max_cash_weight_percentage": 100.0, "min_cash_weight_percentage": 75.89689105374332, "average_cash_weight_percentage_total": 86.56864764714375, "max_cash_weight_percentage_total": 100.0, "min_cash_weight_percentage_total": 75.89689105374332, "average_unrealized_pnl_percentage": 0.05888334436462869, "max_unrealized_pnl_percentage": 5.128886184555056, "min_unrealized_pnl_percentage": -6.4071186483162625, "average_unrealized_pnl_percentage_total": 0.05888334436462869, "max_unrealized_pnl_percentage_total": 5.128886184555056, "min_unrealized_pnl_percentage_total": -6.4071186483162625, "average_1M_pnl_percentage": 0.09072985924243909, "max_1M_pnl_percentage": 5.888558996304005, "min_1M_pnl_percentage": -5.510414968361754, "average_1D_pnl_percentage": 0.0, "max_1D_pnl_percentage": 0.0, "min_1D_pnl_percentage": 0.0, "average_1W_pnl_percentage": 0.025501401761741118, "max_1W_pnl_percentage": 2.823973293298976, "min_1W_pnl_percentage": -3.9670543256355772}