{"CAGR": 243.46496355661208, "MDD": 23.023520062052917, "CAGR_MDD_ratio": 10.57461947175871, "win_trade_count": 61, "lose_trade_count": 29, "total_trade_count": 185, "win_rate_percentage": 32.972972972972975, "lose_rate_percentage": 15.675675675675677, "sharpe_ratio": 0.6098448010170376, "sortino_ratio": 1.198294166133709, "pnl_ratio_sum": 3.5593247841862747, "pnl_ratio": 1.6921380121541307, "average_realized_pnl": 137.52433861422702, "max_realized_pnl": 3070.4710712759993, "min_realized_pnl": -3280.1244815549994, "average_realized_pnl_percentage": 3.9843328968445237, "max_realized_pnl_percentage": 74.25464749210802, "min_realized_pnl_percentage": -52.45163442294862, "average_realized_pnl_percentage_weighted": 0.5172915927657906, "max_realized_pnl_percentage_weighted": 16.43668540053713, "min_realized_pnl_percentage_weighted": -32.4562584638038, "average_portfolio_value_total": 15635.769917438121, "max_portfolio_value_total": 35795.065788264, "min_portfolio_value_total": 9227.112369351, "average_portfolio_value": 15635.769917438121, "max_portfolio_value": 35795.065788264, "min_portfolio_value": 9227.112369351, "average_leverage": 0.948924728689641, "max_leverage": 0.999999998946894, "min_leverage": 0.0, "average_leverage_total": 0.948924728689641, "max_leverage_total": 0.999999998946894, "min_leverage_total": 0.0, "average_cash_weight_percentage": 5.107527131035917, "max_cash_weight_percentage": 100.0, "min_cash_weight_percentage": 1.0531060468110809e-07, "average_cash_weight_percentage_total": 5.107527131035917, "max_cash_weight_percentage_total": 100.0, "min_cash_weight_percentage_total": 1.0531060468110809e-07, "average_unrealized_pnl_percentage": 2.1026476185156393, "max_unrealized_pnl_percentage": 30.261256888112687, "min_unrealized_pnl_percentage": -74.1423236027406, "average_unrealized_pnl_percentage_total": 2.1026476185156393, "max_unrealized_pnl_percentage_total": 30.261256888112687, "min_unrealized_pnl_percentage_total": -74.1423236027406, "average_1M_pnl_percentage": 6.53076262455058, "max_1M_pnl_percentage": 34.72980141096003, "min_1M_pnl_percentage": -13.240604697904034, "average_1D_pnl_percentage": 0.0, "max_1D_pnl_percentage": 0.0, "min_1D_pnl_percentage": 0.0, "average_1W_pnl_percentage": 1.420470506726188, "max_1W_pnl_percentage": 17.897747203810766, "min_1W_pnl_percentage": -17.76566010258763}